time,open,high,low,close,Volume
1556834400,2947.5,2947.5,2947.5,2947.5,159243
1557093600,2947.5,2947.5,2883.75,2932.5,159243
1557180000,2912,2930.75,2862.5,2890.75,246925
1557266400,2890.25,2899.25,2868.75,2887.25,254506
1557352800,2884.25,2885.5,2836.25,2872.75,340659
1557439200,2870.25,2893,2826,2887,396057
1557698400,2881.25,2881.25,2801.75,2807,383783
1557784800,2806.75,2854,2799.5,2839.25,181543
1557871200,2840,2860,2815,2855,217593
1557957600,2854.25,2894.25,2840.5,2878.5,220248
1558044000,2879.25,2887.75,2852.5,2862,302279
1558303200,2861.5,2876.75,2832.25,2844,263910
1558389600,2847.5,2870.75,2846.5,2866,158252
1558476000,2864.75,2869.75,2848.5,2857.5,176205
1558562400,2856.75,2858.5,2805.5,2819.5,300590
1558648800,2821.75,2842,2819.25,2831.75,175700
1558908000,2831,2841.25,2800.5,2805,211121
1559080800,2802,2806.25,2766.25,2780,300492
1559167200,2780.5,2799.25,2776.5,2790.5,200684
1559253600,2790,2791,2750,2752.5,327277
1559512800,2742.25,2763.75,2728.75,2749.5,416559
1559599200,2753,2807,2744,2805,266160
1559685600,2805.75,2829.75,2800.75,2827.75,308867
1559772000,2823.25,2853.25,2812.75,2845.75,260902
1559858400,2840.75,2886.25,2837.75,2875,230882
1560117600,2891,2905.75,2880.5,2889.25,166943
1560204000,2890,2911.5,2879.25,2887,224585
1560290400,2886,2890.75,2875.25,2881,170033
1560376800,2881.75,2896.5,2867.5,2894.5,200890
1560463200,2893.25,2898.75,2880.5,2890.5,82327
1560722400,2890.5,2900.5,2887.5,2892,19085
1560808800,2898,2936.5,2889.25,2926.25,267055
1560895200,2926,2937,2912,2933.5,209000
1560981600,2931,2964.25,2930.5,2960,251673
1561068000,2959,2969.25,2947.75,2950.5,220993
1561327200,2948.25,2961.5,2944.75,2952,160580
1561413600,2951.25,2958.25,2919.75,2922,249219
1561500000,2922.5,2939,2914.5,2918,193670
1561586400,2916,2936,2915,2931,181879
1561672800,2933.75,2955.25,2929.75,2944.25,167475
1561932000,2964,2982.25,2955.5,2967.75,206810
1562018400,2967.75,2980.25,2958.5,2979.5,191244
1562104800,2979.25,3001,2973.75,3000.25,122088
1562191200,3000,3005.5,2971.5,2990.5,208873
1562536800,2991.25,2994.75,2973.25,2978.5,183018
1562623200,2978.25,2986.25,2963.5,2982,174556
1562709600,2982.25,3007.5,2971.25,2997.5,242428
1562796000,2996.25,3006.75,2992.5,3004,209744
1562882400,3003,3017.75,3002,3015.5,142816
1563141600,3016,3024,3011,3017.25,132130
1563228000,3017,3021.75,3004.25,3007,165821
1563314400,3005.75,3013,2980.5,2985,167007
1563400800,2981.25,3005.5,2974.5,2997.5,229943
1563487200,3003.5,3009.75,2969.25,2977,262655
1563746400,2973.75,2993.5,2972.25,2989,186865
1563832800,2989,3008.75,2987.5,3008,209110
1563919200,3003.25,3022,2996,3021.5,194065
1564005600,3018.75,3027.75,2998,3006.5,291736
1564092000,3006.75,3029.5,3006,3024.5,173468
1564351200,3022.25,3027.5,3015.5,3021.75,178198
1564437600,3023,3027.5,3001.5,3012.25,237838
1564524000,3015.25,3020.5,2957.75,2982.25,451065
1564610400,2971.5,3014,2944.5,2952,701486
1564696800,2950.75,2961,2913.25,2932.5,557195
1564956000,2930.75,2933.5,2820.75,2830,723771
1565042400,2817.5,2884,2776,2876,637888
1565128800,2875,2891.25,2823,2880.5,765873
1565215200,2878.5,2941.5,2870.5,2940,317162
1565301600,2931,2936,2898.75,2919.75,473100
1565560800,2920.25,2930.75,2872.5,2880.25,445371
1565647200,2882.5,2944.25,2866.75,2932,461077
1565733600,2930,2936.5,2835.75,2840.75,569458
1565820000,2836,2871.75,2817.75,2848.5,719454
1565906400,2850,2894.75,2849.5,2891.5,315805
1566165600,2893,2932.25,2892.25,2923.75,211871
1566252000,2921,2932.75,2894.25,2898.25,244063
1566338400,2894,2932.5,2893,2929.25,187679
1566424800,2931.75,2939.75,2904,2922.25,264640
1566511200,2920.25,2936.75,2834,2855.5,501966
1566770400,2833.75,2888.25,2810,2883.25,354113
1566856800,2883.25,2899.5,2860,2865.5,301020
1566943200,2865.5,2891,2851.75,2889.75,275588
1567029600,2884.25,2930.75,2875.25,2926.75,256909
1567116000,2923.75,2946.5,2913.25,2924.75,259821
1567375200,2913.5,2926.5,2889,2906,394439
1567548000,2903.25,2939.5,2902,2938.5,217291
1567634400,2937.75,2986.75,2936.5,2972,291346
1567720800,2971,2988.25,2970.25,2980.75,220131
1567980000,2980,2991.75,2969.25,2978.25,181052
1568066400,2979.25,2984.75,2957.25,2978.5,259700
1568152800,2979.5,3004.5,2972.25,3002,204351
1568239200,3002.5,3021.75,3001,3011.75,319497
1568325600,3010.5,3024,3003.5,3006.5,49788
1568584800,2997.75,3003.25,2981,2999,30303
1568671200,3004.5,3009,2994,3008,148826
1568757600,3009.25,3013.5,2980.5,3008.5,229323
1568844000,3011,3024.5,2991,3008,224040
1568930400,3008,3018,2985.25,2989.5,303170
1569189600,2995,3008,2982,2997,243011
1569276000,3002.25,3012.5,2958.5,2970.25,478998
1569362400,2972,2991.75,2953.5,2986.25,301205
1569448800,2987,2995.5,2964.25,2980.5,277246
1569535200,2981.25,2993,2946,2963.75,361744
1569794400,2975.25,2986.25,2964.5,2978.5,199855
1569880800,2984.25,2994.25,2936.75,2937.75,331879
1569967200,2942.25,2949,2874,2880.5,404895
1570053600,2884.5,2913,2855,2911.75,424733
1570140000,2912.25,2953.25,2890.25,2951,322583
1570399200,2937.25,2959.25,2926.5,2937.5,271879
1570485600,2935.25,2950,2890.75,2892.5,437173
1570572000,2894,2932,2888.25,2919,286742
1570658400,2920,2953.75,2881.75,2941,403091
1570744800,2948.5,2993.75,2941.75,2970.75,349487
1571004000,2967.75,2982.25,2954,2965.5,210619
1571090400,2967,3003.25,2966.25,2997.75,229519
1571176800,2998.25,2998.25,2984.75,2991.5,233214
1571263200,2992.5,3008,2985.25,2998,250867
1571349600,2998.5,3001,2975,2988.25,263667
1571608800,2985,3007.5,2983.75,3006.5,183087
1571695200,3006.75,3014,2988,2994.5,258327
1571781600,2991.75,3007,2982,3005.75,202708
1571868000,3005.5,3015.5,2998.5,3004.25,225499
1571954400,3004,3026.5,3000,3020.25,197825
1572213600,3023,3042.75,3022,3036.25,177810
1572300000,3039,3046,3029.5,3035.75,204832
1572386400,3036.25,3055.5,3023.25,3047.75,251594
1572472800,3052.5,3052.75,3020,3035.75,339183
1572559200,3036.75,3065.25,3033,3063.25,193991
1572822000,3064.25,3083.5,3064.25,3075.75,174837
1572908400,3077.25,3085.75,3069.75,3072,197388
1572994800,3071.75,3078,3063.25,3075.5,217605
1573081200,3077.25,3097.5,3070.25,3086,205063
1573167600,3086.5,3092.5,3072.5,3090.5,155419
1573426800,3091,3092,3074.5,3087.5,114085
1573513200,3087.75,3102,3081.25,3092,164987
1573599600,3091.5,3097,3075.75,3095.5,203289
1573686000,3096.25,3099.75,3081.75,3097,176971
1573772400,3097.5,3119.5,3095.75,3118.25,156320
1574031600,3119.25,3128,3111,3121.75,159079
1574118000,3122,3132.5,3112.75,3118.5,185564
1574204400,3116.25,3118.5,3090.75,3109,288461
1574290800,3099.75,3114.5,3091.25,3104,246821
1574377200,3103.75,3114.5,3097.75,3111.5,167387
1574636400,3117.5,3133.5,3116.5,3132.75,106466
1574722800,3131.25,3144.75,3128,3143.75,147559
1574809200,3143.75,3155,3141.75,3153.75,109230
1574895600,3154.25,3155.5,3139.5,3143.75,117741
1575241200,3145,3157.75,3110.25,3114.25,337301
1575327600,3114,3122,3069.5,3091,398053
1575414000,3091.75,3119.5,3081.75,3111,251916
1575500400,3110.75,3124.75,3103.5,3117.75,263471
1575586800,3117.5,3151.25,3117,3146,192303
1575846000,3146.5,3149.5,3131.25,3134.5,159703
1575932400,3133.25,3143,3116.25,3136,260448
1576018800,3136,3144.5,3129.75,3143,189582
1576105200,3143.75,3177.25,3137,3168,382964
1576191600,3173.75,3185,3156.75,3172,78098
1576450800,3175,3198.75,3173.75,3194.25,19693
1576537200,3196.75,3204,3192.25,3195.5,162233
1576623600,3193.5,3203,3191.75,3199.25,132251
1576710000,3199,3214,3194.5,3211.75,123120
1576796400,3213,3229.5,3208.75,3225.75,152944
1577055600,3226.25,3234.25,3224.25,3227.25,88119
1577142000,3227.5,3231,3222.5,3225.75,40939
1577314800,3226.75,3244.75,3226.75,3244.5,59828
1577401200,3241.75,3254,3235.5,3237.5,151910
1577660400,3237.5,3244.5,3217.25,3223.5,191801
1577746800,3223,3236,3213,3231,144320
1577919600,3237,3261.75,3234.25,3259,178832
1578006000,3260.75,3263.25,3207,3235.5,310875
1578265200,3222.75,3249.5,3208.75,3243.5,246527
1578351600,3243,3254.5,3226,3235.25,221754
1578438000,3232,3267.5,3181,3260.25,488406
1578524400,3259.75,3276.75,3257.75,3276,198451
1578610800,3275.5,3287,3260.75,3264.75,218016
1578870000,3265.75,3291,3265.5,3289.75,156703
1578956400,3289,3296.5,3275.25,3288,267615
1579042800,3287.5,3299,3278,3293.75,235400
1579129200,3293.75,3318,3293.75,3316.5,176499
1579215600,3316.75,3330.25,3316,3325,172211
1579474800,3324.5,3330,3307.25,3319.5,262273
1579647600,3320.5,3337.5,3315.25,3319.75,221789
1579734000,3317,3327,3301.5,3326,349429
1579820400,3326.25,3337,3280.5,3293.5,521297
1580079600,3273,3273,3233,3239.5,521503
1580166000,3239.5,3285,3238.5,3278.25,349143
1580252400,3282.25,3292.75,3265.25,3272.5,379821
1580338800,3272,3295.25,3239.5,3289.75,541849
1580425200,3292.75,3297.5,3212.5,3224,642183
1580684400,3222,3267.25,3221.5,3245.5,386183
1580770800,3244.75,3305.25,3236,3299.5,356578
1580857200,3299.25,3338.25,3288.25,3335,416320
1580943600,3336,3357.5,3332.5,3345.25,291379
1581030000,3348.75,3350,3320.75,3325.5,382351
1581289200,3322,3353.5,3303.25,3353,277254
1581375600,3350.75,3374.5,3349.5,3357.5,281600
1581462000,3359.75,3381.5,3355.5,3380.5,215754
1581548400,3380.25,3384.75,3348.5,3377.5,325469
1581634800,3379,3388.25,3365.25,3381,236867
1581894000,3381.25,3392.5,3355.25,3369.25,333634
1582066800,3371.5,3394,3370.75,3387.25,213909
1582153200,3391.25,3397.5,3339.5,3369.25,554873
1582239600,3366.75,3369.5,3327.75,3339.25,477927
1582498800,3315,3315,3213.75,3226.25,824521
1582585200,3224.25,3259.5,3117.25,3132.5,1152006
1582671600,3139,3182,3090.5,3110.25,1070134
1582758000,3101.25,3117,2944.5,2957,1282240
1582844400,2950.5,2995.75,2853,2951,1735325
1583103600,2904,3093,2888,3065,946817
1583190000,3077,3136.5,2973,2997,1096486
1583276400,2988.75,3129.25,2976.75,3114.75,647060
1583362800,3110,3114,2996.75,3015.5,718122
1583449200,3024,3037,2898,2964,913066
1583704800,2916.5,2917,2713.5,2747.75,806067
1583791200,2733.5,2884.75,2694.75,2865.75,1061592
1583877600,2861.75,2869.5,2703,2740.25,1109823
1583964000,2738.25,2773.5,2442,2469,1447148
1584050400,2433,2708.5,2393.25,2696,503889
1584309600,2673.75,2698.5,2351,2416.25,190088
1584396000,2405.25,2542.75,2352,2485.5,1307163
1584482400,2469,2487.25,2262.5,2401.5,1134851
1584568800,2403.25,2461.5,2273.5,2389,1722662
1584655200,2351.75,2499,2259.5,2288.5,1626055
1584914400,2220.5,2385.5,2174,2220.5,1317779
1585000800,2233.25,2448,2230.25,2438,1057349
1585087200,2442.5,2561.5,2378.25,2467,1397589
1585173600,2471.5,2626,2401.75,2608,1146174
1585260000,2627,2635,2505.5,2524,1022402
1585519200,2465,2621.5,2447,2611.25,944238
1585605600,2612.25,2639.25,2555.75,2569.75,864900
1585692000,2562.5,2562.5,2434.25,2448,884677
1585778400,2458.25,2525,2424.75,2516.5,1060722
1585864800,2514,2529.5,2448.75,2482.75,823086
1586124000,2483.25,2668.5,2483.25,2644.5,758938
1586210400,2645.5,2749,2623.75,2642,1179264
1586296800,2640.75,2752.5,2620.75,2735,989636
1586383200,2737.5,2809.75,2700.25,2779.75,1114248
1586728800,2807,2820.5,2710.25,2759.25,800021
1586815200,2760.5,2848.75,2752.5,2843,735110
1586901600,2843.5,2845.75,2751.25,2775,861143
1586988000,2767.5,2831.5,2746.5,2787.5,960929
1587074400,2858,2885.25,2821,2870,958259
1587333600,2861.75,2875.75,2804.25,2806.5,951288
1587420000,2807,2833.25,2717.25,2732,1350460
1587506400,2737.25,2808,2717.25,2788.5,844258
1587592800,2790.25,2836.75,2772.5,2780.75,1098113
1587679200,2777,2836,2755,2829.5,718259
1587938400,2828.75,2883,2812.75,2869,695131
1588024800,2867.75,2913.5,2851.25,2867.25,974954
1588111200,2870.75,2959.5,2860.75,2941,912841
1588197600,2956.5,2965.25,2878.25,2902.5,1134559
1588284000,2873,2879.5,2811.75,2821.75,990942
1588543200,2793,2835.75,2770.75,2825.25,886987
1588629600,2827,2889.5,2824.5,2858.25,760646
1588716000,2857.5,2886.25,2832,2833.5,888865
1588802400,2832.25,2894.75,2823.25,2880,833230
1588888800,2881.75,2932.75,2879.25,2928.5,641598
1589148000,2921,2946.5,2889.5,2922.75,801756
1589234400,2919,2939.75,2838,2852.5,974692
1589320800,2840,2876.5,2786.25,2813,1541126
1589407200,2820.25,2853.75,2760.25,2847,1353295
1589493600,2846,2863,2809.5,2846.5,1151670
1589752800,2860,2964.5,2850,2948,768821
1589839200,2945,2976.25,2913.75,2918.75,921190
1589925600,2913.75,2975.75,2908.5,2968.5,865157
1590012000,2972,2973.5,2933,2937,1079352
1590098400,2936.75,2957.25,2903.75,2953,866849
1590357600,2948.75,3019.75,2947.75,2994.5,1023998
1590530400,2994.25,3039.75,2965.5,3035.5,1168154
1590616800,3034.5,3065.5,3019.5,3038,958717
1590703200,3036,3058.5,2992.25,3042,1176313
1590962400,3032,3058.75,3007.75,3054,714753
1591048800,3052.75,3079.25,3034.25,3077,764713
1591135200,3077.75,3129.5,3074.25,3117.75,732402
1591221600,3117,3127,3087.5,3110.5,1009461
1591308000,3113.5,3210.5,3106.25,3186.75,1112781
1591567200,3192.25,3231.25,3183.25,3227.5,790782
1591653600,3227.5,3231,3190,3205.5,916394
1591740000,3205,3227.25,3179.75,3186,1203733
1591826400,3183.75,3188.75,2996.25,3010.25,1888206
1591912800,3015,3087.75,2982.25,3034.75,676747
1592172000,3002.5,3079.5,2935.25,3073,379285
1592258400,3065.75,3156.25,3060,3118.25,1180753
1592344800,3111.75,3147.25,3094.75,3107,770317
1592431200,3103.75,3119.5,3064.5,3098,922358
1592517600,3097,3144.75,3056.5,3059.5,1067306
1592776800,3043,3114.75,3027.5,3110.75,828328
1592863200,3111.75,3145.5,3060.25,3118.5,930977
1592949600,3113,3128.25,3019.5,3049,1389332
1593036000,3047,3079.5,3005.5,3070.75,1062543
1593122400,3071.5,3082,2992.75,3007,1132229
1593381600,2986.25,3051.25,2983.5,3047.75,894898
1593468000,3046,3101,3030.25,3090.25,844962
1593554400,3085,3118,3062.75,3103,870888
1593640800,3101.5,3156.75,3095.5,3129,970423
1593727200,3121,3174.75,3120.75,3172,1089068
1594072800,3169.75,3184,3132.5,3136.5,882615
1594159200,3135.25,3166.25,3125.5,3163.5,1139690
1594245600,3166,3170.75,3105.25,3141,1277175
1594332000,3142,3182,3111.5,3178.5,1116626
1594591200,3182,3226.25,3140.5,3148.25,1318497
1594677600,3150,3192,3119,3183.5,1635280
1594764000,3203,3233,3192,3219.5,1419635
1594850400,3223.25,3228.5,3188.5,3194.5,1073827
1594936800,3198.25,3225.25,3194.75,3214,804718
1595196000,3214.25,3251.5,3190.25,3245.25,771885
1595282400,3243.75,3273,3239.25,3251.25,965242
1595368800,3249.25,3271.5,3227.25,3265.5,870907
1595455200,3267.5,3284.5,3214.25,3227.5,1187809
1595541600,3229.75,3239,3191.75,3204,1041284
1595800800,3210.5,3235,3192,3232.25,761517
1595887200,3234.75,3246.5,3208,3213,811743
1595973600,3214.75,3257,3204.25,3252.5,659438
1596060000,3256.75,3269.25,3195,3248.75,1026724
1596146400,3269.25,3273.75,3212.5,3263.5,1170078
1596405600,3270.75,3295.5,3254.5,3288.5,549146
1596492000,3290.5,3301.5,3271,3300,599455
1596578400,3300.5,3323.5,3292.25,3316,542479
1596664800,3317.25,3346,3300.5,3344.25,741215
1596751200,3343.5,3347.75,3322.5,3344.75,909596
1597010400,3347.25,3357.25,3329,3352.75,661329
1597096800,3350.5,3379,3319.75,3330,974384
1597183200,3339.5,3382.25,3326.25,3370,866719
1597269600,3367.75,3382,3357.5,3367.75,714190
1597356000,3368.75,3380.25,3349.75,3361.5,665298
1597615200,3365.75,3383,3365,3379.75,408070
1597701600,3379.25,3390.5,3365.25,3387,601229
1597788000,3388.5,3395.5,3365.5,3372.75,720650
1597874400,3370,3387,3344.5,3380.75,743300
1597960800,3383.5,3396.25,3356.5,3392.5,723095
1598220000,3398,3429.25,3394,3427.5,691359
1598306400,3427,3448.75,3421.75,3443,731804
1598392800,3444.5,3483.5,3436.75,3480.25,637492
1598479200,3479.5,3498.25,3464.75,3485.25,1031257
1598565600,3487.75,3509.25,3480.75,3504.5,713068
1598824800,3508.5,3524.5,3490,3499,680344
1598911200,3493.75,3530,3484.25,3527,701143
1598997600,3529,3587,3526.25,3579.25,924937
1599084000,3578.5,3586.5,3424.75,3461.5,1908869
1599170400,3455,3484.25,3347.75,3417.5,1783626
1599429600,3420.5,3447.25,3327.5,3335.5,2026634
1599602400,3320,3424,3295.5,3400.25,1014612
1599688800,3395.75,3424.25,3327.25,3340.5,1337442
1599775200,3345.5,3376.25,3308.75,3333.75,451061
1600034400,3350,3402.75,3344.5,3382.5,132567
1600120800,3369.5,3409,3366,3395,614232
1600207200,3395,3419.75,3373.75,3379.5,669595
1600293600,3381.25,3386.75,3310,3351,1195728
1600380000,3345.25,3363.25,3280.75,3316.25,1072178
1600639200,3314.75,3326.5,3217.75,3275,1256851
1600725600,3271,3309.5,3256.25,3299.25,946638
1600812000,3304,3319.75,3220.75,3231.25,1165489
1600898400,3227.75,3268.25,3198,3238,1288513
1600984800,3243.5,3296.5,3206.25,3287.25,1030582
1601244000,3291.25,3351.25,3288,3346,809590
1601330400,3348.5,3363,3316.5,3333.75,729692
1601416800,3330,3384,3291.25,3352,1140694
1601503200,3344.75,3387.75,3343.75,3367.75,937681
1601589600,3366.75,3374.75,3300.25,3339.25,1259792
1601848800,3358,3400,3346.5,3393,641071
1601935200,3392.25,3421.75,3330.75,3353.25,1150090
1602021600,3338,3416.5,3331.75,3406.75,895709
1602108000,3407.25,3447.75,3404,3437.5,638300
1602194400,3447,3480,3445.5,3473.25,571111
1602453600,3470.25,3541.25,3464,3532.75,726172
1602540000,3533.75,3536,3491.25,3504.75,894785
1602626400,3502.25,3524,3472.25,3481,901013
1602712800,3479.5,3486.75,3431.5,3475.5,897971
1602799200,3478.5,3508.5,3461.25,3462.25,719766
1603058400,3470.75,3496.5,3410.75,3422.75,1027486
1603144800,3435.75,3469.75,3418,3432.25,1078100
1603231200,3435.25,3457.75,3420.75,3432.5,1034105
1603317600,3430.5,3453,3402.25,3449.25,856913
1603404000,3455.75,3463.5,3431.75,3451.75,773247
1603663200,3446,3447,3356,3393.5,1270433
1603749600,3394.5,3410.25,3368,3383,940467
1603836000,3368.75,3370.75,3260.75,3263.5,1529943
1603922400,3278.75,3333.75,3250.25,3302.25,1357129
1604008800,3268.25,3296.25,3225,3264.75,1733336
1604271600,3262.25,3323.5,3243.25,3300.5,1313229
1604358000,3304.25,3382.75,3301.25,3361.5,1055224
1604444400,3362.5,3480,3319.25,3435,1504508
1604530800,3447.75,3522.5,3428,3504.75,1113831
1604617200,3509,3519,3456.5,3500.75,1103710
1604876400,3522.5,3668.75,3515.75,3544,1805691
1604962800,3549.25,3562.75,3506.25,3541,1651819
1605049200,3546.5,3576.75,3530.75,3568,978070
1605135600,3574.5,3575,3513,3532.5,1209448
1605222000,3538,3590,3518.25,3582,827963
1605481200,3586.75,3636.75,3586,3623,853041
1605567600,3626,3630,3584,3606.75,923520
1605654000,3603.75,3623.25,3556,3565,974851
1605740400,3561.75,3582.5,3542,3580,891717
1605826800,3560.5,3582.5,3542.5,3554.25,754973
1606086000,3546.25,3596,3545,3576,755342
1606172400,3576.25,3640,3575.25,3632.75,763423
1606258800,3635.75,3655,3615.25,3627.25,703798
1606345200,3629.25,3642.75,3612.75,3636.5,347834
1606690800,3644,3651.75,3592.25,3623.25,993931
1606777200,3631.25,3677.5,3625.75,3660.5,839881
1606863600,3661,3672.75,3642.25,3667.25,678576
1606950000,3671,3682,3655.25,3664.5,716871
1607036400,3668,3700,3665.5,3698,567166
1607295600,3695,3705,3672.25,3690.75,664937
1607382000,3682.25,3708,3664,3702,672062
1607468400,3707.25,3715,3659.25,3672.5,1143360
1607554800,3669.75,3681.25,3644,3668.5,918121
1607641200,3668.75,3675,3628,3661.25,296527
1607900400,3677.5,3698.5,3644.25,3646.5,221323
1607986800,3645.75,3688.5,3636.25,3687,722810
1608073200,3689,3704.5,3680,3693.75,626325
1608159600,3696.25,3718.25,3692.25,3712.75,509662
1608246000,3713.25,3723,3677,3706.25,933634
1608505200,3718,3724.25,3596,3685.75,1301639
1608591600,3684.75,3695.25,3663.75,3677.25,869272
1608678000,3674.5,3701.5,3651,3681.5,639737
1608764400,3684,3696.25,3679,3695,197946
1609110000,3682.25,3732.25,3675,3727.5,473807
1609196400,3730,3747.75,3714.5,3720,650390
1609282800,3724.25,3738.25,3716.5,3724.25,457574
1609369200,3725,3753,3715,3748.75,400961
1609714800,3748.5,3773.25,3652.5,3692.25,1290071
1609801200,3695,3729.75,3673.25,3718.25,961746
1609887600,3716.75,3774.75,3685.5,3740.5,1423087
1609974000,3751.5,3804,3742,3795.5,760416
1610060400,3797.5,3824.25,3775.25,3817.5,1035440
1610319600,3815.75,3820.75,3776.25,3792,804542
1610406000,3793.75,3806.75,3767.75,3794.5,848854
1610492400,3792.5,3813.5,3776.5,3803.75,703893
1610578800,3807.5,3817.75,3786.25,3791.25,709837
1610665200,3792.75,3797.75,3741.5,3762.25,1067450
1610924400,3750.25,3797,3741,3790.5,767205
1611097200,3795.75,3852.5,3788.75,3845,626632
1611183600,3841.25,3859.75,3836.5,3846,553426
1611270000,3846.5,3849.5,3813.5,3834.25,630792
1611529200,3835,3853.5,3788.5,3848.5,1191844
1611615600,3845.25,3862.5,3821.5,3842.5,779412
1611702000,3845.5,3853,3706.25,3744.25,1611192
1611788400,3735,3823.75,3703.25,3779.25,1446451
1611874800,3769.5,3777,3685.5,3705.25,1705079
1612134000,3692.75,3777,3657,3765.75,1085502
1612220400,3764.5,3835.75,3759.75,3818.25,923295
1612306800,3829.25,3843.5,3807.75,3823.5,803413
1612393200,3833,3869.75,3811.5,3864.5,683457
1612479600,3864,3888.5,3860,3880.25,605142
1612738800,3888.25,3911.25,3885.5,3908,523552
1612825200,3910.5,3913.5,3895,3905.5,505173
1612911600,3912,3928.25,3878.5,3903,1048702
1612998000,3906.75,3920.75,3884.5,3912,845446
1613084400,3905.5,3936.25,3890.25,3931,538150
1613343600,3936.25,3959.25,3918.75,3927.75,846600
1613516400,3929.5,3932.5,3896.5,3928,844376
1613602800,3928,3936,3880.5,3909.5,891820
1613689200,3911,3931.25,3890.25,3903,776526
1613948400,3905,3914.25,3861.25,3873.5,867790
1614034800,3877.75,3895.75,3804.75,3878,1448708
1614121200,3876.5,3927.75,3851.75,3922.5,1166913
1614207600,3923.75,3934.5,3810.25,3828,1784926
1614294000,3823,3858.75,3785,3809.25,1906843
1614553200,3817,3912,3812.5,3898.75,963058
1614639600,3903,3906.75,3865.75,3867.5,1240740
1614726000,3867.75,3897.75,3813,3816.75,1541944
1614812400,3817.75,3842,3720.5,3765.5,2214003
1614898800,3765,3850,3728.5,3839,2201668
1615158000,3854.5,3879.25,3796.25,3819.25,1587819
1615244400,3831.5,3901.25,3826.25,3873.25,943071
1615330800,3877,3916.25,3856.75,3896.5,1131511
1615417200,3908.75,3958.5,3893,3936.75,731693
1615503600,3937.25,3947.75,3910,3942.25,350592
1615759200,3946,3969.75,3922,3967.5,149588
1615845600,3958,3970.75,3942.75,3952.5,662565
1615932000,3957.25,3973.25,3925,3963.5,889529
1616018400,3962.5,3978.5,3900.5,3906,1083767
1616104800,3911,3923.5,3875,3899.75,1073241
1616364000,3893.75,3944.5,3885,3930,756434
1616450400,3933,3938.75,3890.5,3899.75,1142576
1616536800,3905.5,3931.75,3877.5,3880.75,1171625
1616623200,3883,3909.5,3843.25,3900.5,1454050
1616709600,3907.75,3967.75,3900.75,3964.75,1042676
1616968800,3961.5,3971.25,3929,3959,1376697
1617055200,3964.25,3969,3933.75,3947.75,1057421
1617141600,3949.5,3983.75,3941.5,3967.5,764414
1617228000,3967,4015.25,3964.5,4010,39806
1617573600,4028.5,4073.75,4021,4067.75,589360
1617660000,4070,4076,4052.25,4064,732333
1617746400,4067,4075.75,4056.5,4070,669472
1617832800,4075,4098.5,4072.5,4089,591195
1617919200,4098,4121.5,4081,4119.5,626181
1618178400,4114,4124.25,4104.5,4120.25,665456
1618264800,4122.5,4139.75,4101.25,4132.75,646010
1618351200,4134.5,4143.75,4113,4118,1026844
1618437600,4123.25,4166.75,4119.5,4162.5,656640
1618524000,4162.5,4183.5,4154.25,4176.25,694848
1618783200,4165.5,4174.75,4142,4155.5,1024651
1618869600,4156.5,4167.5,4110.5,4126.5,1144209
1618956000,4120.75,4167.25,4112.75,4164.75,849638
1619042400,4157.75,4171.75,4115.25,4127.75,1323732
1619128800,4129.75,4186.75,4127.5,4171.5,756478
1619388000,4170.5,4186,4163.25,4179.5,557351
1619474400,4181.5,4191.75,4166.75,4179,572040
1619560800,4180.5,4194,4170.25,4176.25,675029
1619647200,4185,4210.75,4168,4203.5,959965
1619733600,4200.5,4201.25,4167.25,4174.5,945134
1619992800,4181.25,4202.5,4181,4185.75,656266
1620079200,4184,4185.75,4120.5,4158.25,1198349
1620165600,4158.5,4180,4153,4160,797762
1620252000,4159,4197,4140.5,4194.25,1088435
1620338400,4196.5,4232.25,4191.75,4225.25,788472
1620597600,4226.5,4238,4172,4183.5,929364
1620684000,4177,4185.5,4103.75,4146.25,1592809
1620770400,4140.25,4150.25,4051,4058.75,1630334
1620856800,4053.75,4126.75,4029.25,4107,1390197
1620943200,4112.25,4178.25,4104.75,4169,741723
1621202400,4169.25,4178.75,4136.5,4157.75,840517
1621288800,4159.5,4179.5,4111.75,4123,754371
1621375200,4114.25,4123,4055.75,4111.5,1331299
1621461600,4108,4169,4084.5,4154.25,866585
1621548000,4152.75,4185,4147,4151.75,905340
1621807200,4151.25,4206.25,4142.5,4193.75,565613
1621893600,4199.5,4212.75,4179.25,4185.5,750389
1621980000,4188.25,4204.5,4180.5,4193,613012
1622066400,4193.25,4211.5,4177.75,4199,631352
1622152800,4211.5,4217.75,4201,4202.5,525234
1622412000,4206.5,4230,4189.75,4198.5,807350
1622584800,4198.25,4215,4190.75,4206.25,660607
1622671200,4207.5,4213.5,4165,4191.25,872101
1622757600,4191,4232,4177,4228.25,571086
1623016800,4232,4234.5,4214,4225.5,598200
1623103200,4227.5,4236.75,4206,4225.75,752116
1623189600,4225.75,4235.5,4217,4218.5,561993
1623276000,4222.25,4249,4207,4238,737328
1623362400,4240,4247.75,4230.75,4245.75,147389
1623621600,4246.5,4257.5,4233.5,4254.75,82896
1623708000,4246.5,4258,4228.25,4236.5,539805
1623794400,4238.5,4241.5,4190.5,4213,650173
1623880800,4204.25,4222.25,4182.5,4212.25,975274
1623967200,4216.25,4220,4140.75,4153.5,983593
1624226400,4142.5,4219.75,4126.5,4213.75,724705
1624312800,4219,4245.25,4205.75,4236.25,524090
1624399200,4237.75,4248.25,4230.5,4231.5,431530
1624485600,4233.75,4263.25,4232,4256,412380
1624572000,4262.25,4276.75,4253.5,4271.25,388417
1624831200,4275,4282,4264.25,4280.5,439455
1624917600,4281.25,4291,4271.5,4282,448502
1625004000,4284.5,4294,4269.25,4288.5,535229
1625090400,4293.75,4312,4286,4310.75,498634
1625176800,4310,4347,4308.25,4342.75,446891
1625436000,4340.25,4348.25,4305.5,4334,735486
1625608800,4328.75,4353,4320.25,4349.75,683795
1625695200,4352.75,4353,4279.25,4313,1139550
1625781600,4310.75,4363.5,4293,4360,579934
1626040800,4362.25,4378.75,4341.75,4376.5,497451
1626127200,4376.75,4383.75,4356.5,4361.25,660164
1626213600,4359.75,4384.5,4349.75,4367.75,691858
1626300000,4367,4370.25,4332.25,4352,772186
1626386400,4348,4368,4314.25,4318.5,755256
1626645600,4320.25,4322.25,4224,4251.25,1324064
1626732000,4263,4328.75,4252.75,4315.5,900448
1626818400,4319,4355.25,4309.75,4350.5,578208
1626904800,4355.25,4371.5,4341.5,4359.5,500563
1626991200,4371,4407.75,4367.5,4403,474398
1627250400,4400.25,4416.75,4375.5,4414.25,507978
1627336800,4415.75,4416,4364.5,4394.5,934515
1627423200,4379.75,4407.75,4375.75,4393.75,697343
1627509600,4393.25,4422.75,4380.25,4411.75,544719
1627596000,4394.75,4405,4370.5,4389.5,747455
1627855200,4395.5,4419.75,4377.25,4379.75,693668
1627941600,4384.25,4417,4365.25,4415,756469
1628028000,4409,4415.25,4391.25,4394.75,555035
1628114400,4396.75,4422.5,4393.75,4421.5,392989
1628200800,4420.5,4433.25,4416,4429.5,463755
1628460000,4428.25,4432,4412.25,4425.75,421819
1628546400,4427,4438.25,4416.75,4430,434681
1628632800,4429,4443.5,4420.5,4440.5,448269
1628719200,4440.5,4456.25,4430.25,4454.5,365690
1628805600,4456,4463.25,4451,4462.5,352574
1629064800,4456.25,4476.5,4432.5,4474,658401
1629151200,4471,4472.25,4412,4443.5,1042708
1629237600,4437,4449.75,4381.75,4394.5,936206
1629324000,4389.25,4414.75,4347.5,4401.5,1248532
1629410400,4403.5,4440.5,4371.75,4437,814722
1629669600,4435.25,4485.75,4433.5,4475.5,496055
1629756000,4481,4492,4476.75,4482.5,428828
1629842400,4483.75,4498,4476.25,4493,400720
1629928800,4493.25,4494.5,4465,4466.5,784883
1630015200,4469.75,4510,4462,4505.5,540107
1630274400,4508.5,4534.5,4500.75,4525.25,509281
1630360800,4529.5,4542.25,4512.75,4520.5,775486
1630447200,4527.5,4540,4519.25,4521.25,580462
1630533600,4522.5,4544,4516,4535.25,588129
1630620000,4536.5,4550,4519.25,4534.5,655159
1630879200,4533.25,4548,4510.75,4519.25,763253
1631052000,4517.75,4524.75,4492,4512.5,804048
1631138400,4511.25,4529,4485.5,4492.25,794664
1631224800,4490.75,4518.25,4456.5,4458.25,318006
1631484000,4461.25,4492.75,4444.25,4469,238911
1631570400,4465.5,4479.5,4425.25,4434.75,883333
1631656800,4437,4477.75,4427.5,4472,700038
1631743200,4476,4478,4433,4464.25,755264
1631829600,4460,4472.5,4406.25,4421.75,946289
1632088800,4411.5,4421.75,4294,4421.75,1230989
1632175200,4342.75,4395.5,4329,4343.25,1188465
1632261600,4337.25,4406.25,4321,4384,966992
1632348000,4385.75,4455,4385.25,4438,726540
1632434400,4439.25,4453,4410.5,4445.75,680375
1632693600,4446.25,4472,4425,4433,679707
1632780000,4429.5,4442,4334.5,4343.5,1332967
1632866400,4347.75,4378.75,4344.25,4349.75,1089102
1632952800,4358.25,4388.5,4294.25,4297.75,1228951
1633039200,4301.75,4365.75,4260,4343.75,1334932
1633298400,4348.75,4362,4267.75,4291.25,1333943
1633384800,4296.5,4359.75,4269,4334,933723
1633471200,4334.25,4357.5,4273.75,4354,1301755
1633557600,4355.25,4421.5,4354.5,4390,782247
1633644000,4390.75,4407.75,4376.25,4382.25,900680
1633903200,4381.25,4407.25,4343.75,4351,894562
1633989600,4348,4365.25,4317.5,4340.75,1049968
1634076000,4327.75,4364.75,4319,4355,1040781
1634162400,4355,4437.5,4354,4429,760726
1634248800,4435,4467.5,4426.25,4462.5,641870
1634508000,4465,4480,4436.25,4477.5,662443
1634594400,4475.5,4517.5,4471.75,4511.25,580321
1634680800,4515.75,4532.25,4504.25,4528,587442
1634767200,4524.75,4543.25,4510,4541.75,548464
1634853600,4530.5,4551.5,4515.25,4536.5,861002
1635112800,4528.75,4566.5,4522.5,4558,577964
1635199200,4565,4590,4560.75,4565.25,787246
1635285600,4563.75,4576.75,4543.75,4544.5,787003
1635372000,4548,4589.75,4545.25,4587.5,716851
1635458400,4578,4603.5,4559.25,4597,722153
1635717600,4607.25,4619.5,4586.75,4605.75,611204
1635804000,4606,4627,4593.25,4623.5,535872
1635890400,4621.5,4657.75,4613,4652.25,597358
1635976800,4652,4676.5,4650.75,4673.25,675998
1636063200,4672,4711.75,4667.5,4690.25,831363
1636326000,4679,4707,4676.5,4694,729582
1636412400,4691,4700.5,4663.5,4678.25,1003207
1636498800,4675,4680.25,4625.25,4642,1208428
1636585200,4644.5,4661.5,4638.25,4643,691707
1636671600,4647,4685.75,4644,4678.25,686436
1636930800,4684,4697.5,4667,4679,713816
1637017200,4681,4709.75,4670.75,4696,598655
1637103600,4696.75,4701,4679.5,4686.25,622015
1637190000,4685.5,4706.5,4668,4701.5,752668
1637276400,4705,4723.5,4684.25,4694.5,766197
1637535600,4700.25,4740.5,4674.25,4679.75,883611
1637622000,4686,4695.5,4649,4688.5,1400472
1637708400,4686,4702.25,4656.25,4699,896185
1637794800,4699.75,4717,4577.25,4595.75,1102593
1638140400,4588.75,4669.75,4588.5,4651,1128333
1638226800,4657.25,4667.5,4556.75,4566.25,1629825
1638313200,4588,4650.75,4497.75,4508.5,1496701
1638399600,4514.5,4593.75,4505.5,4575.75,1525201
1638486000,4586.25,4607,4492.25,4537.5,1578737
1638745200,4542.5,4611.5,4531.25,4590,1342201
1638831600,4594.25,4697.5,4587.5,4685,858886
1638918000,4695.25,4712,4671.75,4699,790599
1639004400,4697.25,4706,4662.5,4667,752327
1639090800,4668.75,4712.75,4664.5,4711,286270
1639350000,4712.25,4730.75,4664.5,4668.75,209736
1639436400,4663,4676.75,4596.25,4628,1109678
1639522800,4629.25,4705.75,4602,4700.5,956758
1639609200,4702,4743,4642,4659.25,1053205
1639695600,4664.75,4668,4590,4610,1516623
1639954800,4612.5,4621.75,4520,4558.5,1304109
1640041200,4569.5,4643.25,4565.75,4640.75,1000074
1640127600,4642,4690.5,4622.5,4686,680086
1640214000,4689,4731.5,4684.75,4715.75,532053
1640559600,4716.75,4784.25,4713.25,4782.25,536924
1640646000,4781,4798,4770.5,4778.5,718564
1640732400,4780.5,4796,4769.25,4784.5,597173
1640818800,4784.25,4799.75,4767,4772.25,521171
1640905200,4773.25,4778.5,4750.75,4758.5,604183
1641164400,4770.75,4791.25,4747.25,4786,912826
1641250800,4785.5,4808.25,4764.5,4784.25,818897
1641337200,4783.75,4788.5,4689.5,4692.5,1144930
1641423600,4692.5,4715.75,4662.25,4687.5,1149950
1641510000,4695,4706,4653.75,4667.75,1091983
1641769200,4671,4681.5,4572.75,4662.25,1543129
1641855600,4663,4707.5,4626.5,4705,1151286
1641942000,4704.25,4739.5,4694.75,4716.25,1110893
1642028400,4719.5,4736.25,4642.5,4652,1209688
1642114800,4655,4667,4605.25,4654.75,1447573
1642374000,4665.75,4672,4559.5,4571.25,1691971
1642546800,4577,4603,4517.5,4524.25,1479022
1642633200,4526,4594.25,4437.75,4474.75,1481570
1642719600,4456.5,4486.75,4381.5,4390,1986299
1642978800,4388.5,4427.25,4212.5,4403.75,2512146
1643065200,4402.75,4406.75,4276.5,4349,2015738
1643151600,4308.75,4446.75,4292.5,4341.5,1807642
1643238000,4344.25,4421.5,4263.25,4317.75,1888644
1643324400,4346.5,4425.75,4266.25,4423.25,1738256
1643583600,4421.5,4507.75,4395.5,4504.25,1030981
1643670000,4493,4554.75,4473.75,4535,1258883
1643756400,4551.75,4586,4535.25,4577.25,1155471
1643842800,4548,4548.75,4461.25,4469,1265126
1643929200,4520.25,4532.5,4438.75,4492.5,1457004
1644188400,4495.5,4514.5,4462.25,4475.75,1157270
1644274800,4484,4524,4456.25,4512.5,1055145
1644361200,4518.25,4585,4517.5,4577.75,871714
1644447600,4583,4584,4476,4497.5,1658972
1644534000,4494.5,4520.5,4393.25,4409.5,1672333
1644793200,4412,4428,4354.25,4394,1503146
1644879600,4396,4468.25,4381.75,4464.5,1142485
1644966000,4461,4485,4422.25,4470,947284
1645052400,4465.75,4475,4367.25,4374.5,1171982
1645138800,4375.5,4411.5,4321,4343.5,1365273
1645398000,4326.25,4391.25,4249.75,4300,1972051
1645570800,4310.5,4345.75,4212.25,4222,1387721
1645657200,4216.25,4290.25,4101.25,4284,2201127
1645743600,4267,4384,4227.75,4380,1344715
1646002800,4343.25,4385.5,4256.25,4368,1855844
1646089200,4368.5,4398.5,4275,4303.75,1690747
1646175600,4308.5,4400,4278.25,4381.75,1377005
1646262000,4374,4418.75,4341,4359.25,1526433
1646348400,4366.5,4374.25,4281.5,4327.25,1726895
1646607600,4311,4326.25,4185.25,4198.5,1693738
1646694000,4186.75,4275,4138.75,4168.75,1948323
1646780400,4154.75,4298.25,4150,4275.25,1237208
1646866800,4279.25,4282,4206.25,4257.25,1099631
1646953200,4257.5,4335.75,4197.5,4201.5,555067
1647208800,4212.25,4253.75,4160.5,4172,436064
1647295200,4172.25,4263.5,4129.5,4253.75,953481
1647381600,4254,4367.25,4239.25,4349.5,1132473
1647468000,4360.75,4406.75,4320.5,4402,935557
1647554400,4384,4466,4364.5,4453.5,919620
1647813600,4460.25,4473,4415,4452.25,1151313
1647900000,4457,4514.75,4433,4505,923712
1647986400,4505.5,4514,4444.75,4447.5,1020982
1648072800,4449,4517.25,4445.75,4512.5,958134
1648159200,4516,4539.25,4493.5,4536.5,1082889
1648418400,4535.25,4572.25,4509.5,4568,951907
1648504800,4570.25,4631,4565.25,4625.5,1120929
1648591200,4621.5,4627.75,4574.75,4596,897679
1648677600,4599.75,4614.25,4526.25,4530.75,1037274
1648764000,4542,4555.25,4501.25,4539.25,1003041
1649023200,4538,4579.75,4527.75,4577.75,748079
1649109600,4576,4588.5,4507.5,4520.25,1046466
1649196000,4526.5,4528.25,4444.5,4475.75,1367969
1649282400,4471.5,4516.5,4444.5,4496.25,1198572
1649368800,4495,4519.75,4468.75,4483.5,1047945
1649628000,4487.25,4491.25,4403.5,4409,1000853
1649714400,4410.5,4466.75,4375.5,4393,1224971
1649800800,4397,4449.5,4384,4442.25,983278
1649887200,4438.75,4455.75,4384.75,4387.5,901574
1650232800,4391.5,4406.25,4355.5,4386.75,874146
1650319200,4399.25,4467.5,4371.5,4459.25,1031517
1650405600,4441.25,4484.25,4432.75,4455.5,1154508
1650492000,4468.75,4509,4380,4390.5,1278120
1650578400,4386,4393.25,4247.75,4267.25,1400874
1650837600,4258.25,4296.5,4195.25,4292.75,1633347
1650924000,4293.5,4303.75,4136.5,4170.5,1416096
1651010400,4147.25,4236.25,4147.25,4180.25,1706391
1651096800,4213.5,4303.5,4182.5,4283.5,1289327
1651183200,4247,4279.75,4118.75,4127.5,1224997
1651442400,4143.75,4165.75,4056,4151,1664489
1651528800,4146.25,4195.5,4128,4169.25,1206625
1651615200,4171.75,4303,4142.75,4295.25,1059342
1651701600,4289.25,4300.75,4099.25,4143.25,2042545
1651788000,4149.75,4153.25,4062,4119.5,2049886
1652047200,4087.5,4098.75,3970.25,3987.5,1624396
1652133600,3993.25,4065.5,3952.5,3996.75,1991503
1652220000,3991,4050.5,3923.75,3930.25,1865448
1652306400,3941.75,3961.75,3855,3927.25,2033429
1652392800,3914,4036,3914,4019.75,1274359
1652652000,4025.5,4043.5,3979.25,4004.75,1388950
1652738400,4001,4091.75,4000.25,4084.75,1168820
1652824800,4090.5,4095,3905.5,3922.75,1383368
1652911200,3916,3943.75,3856,3897.75,1789892
1652997600,3900,3949.5,3807.5,3899.5,1747752
1653256800,3909.5,3982.5,3906.25,3971.75,1501451
1653343200,3958,3958.5,3871.75,3940.5,1563658
1653429600,3949.5,3997.75,3913.5,3976.75,1467047
1653516000,3970.25,4073.25,3960.5,4055.75,1083427
1653602400,4049,4168.25,4041.5,4155.75,1076808
1653861600,4164.75,4202.25,4102.75,4131.25,1831661
1654034400,4137.75,4165,4071.5,4099,1479184
1654120800,4098.5,4179,4072,4175.25,1328925
1654207200,4177.5,4189,4096.75,4107,1402510
1654466400,4110.25,4168.25,4104.25,4120.5,1246879
1654552800,4121.25,4164.25,4075.75,4158.75,1129287
1654639200,4151.5,4159.75,4105,4114,1131305
1654725600,4118.25,4144,4014.75,4016.25,1474935
1654812000,4024.25,4029.25,3895,3899,875521
1655071200,3881.25,3881.25,3732.5,3750.5,668026
1655157600,3761.25,3807.5,3708.75,3740.25,1379981
1655244000,3743.75,3843,3723.25,3793.5,1323531
1655330400,3799,3833.25,3641.75,3671.25,1405300
1655416800,3679.25,3713.25,3639,3675.75,1379654
1655676000,3683.75,3783.75,3662,3767.75,1269326
1655848800,3769,3805.5,3693.25,3762.75,1381033
1655935200,3762,3806,3735,3799.75,1190341
1656021600,3785,3919.5,3781.25,3916.25,824387
1656280800,3915.5,3948,3892.5,3903.75,1091308
1656367200,3910.25,3950.75,3821.5,3825.5,1170004
1656453600,3828,3840.75,3801.25,3821.25,1242552
1656540000,3823.25,3824.25,3741,3789.5,1575573
1656626400,3781.5,3833.25,3744.5,3827.25,1324196
1656885600,3828.25,3857.25,3743.75,3834,1464455
1657058400,3837.5,3875,3808.75,3848.25,1290253
1657144800,3854.75,3914.25,3832.5,3905,884871
1657231200,3896,3922,3868,3901.25,1030695
1657490400,3900.25,3901,3849.75,3856.75,1059811
1657576800,3862,3876.5,3804.5,3823.75,1165892
1657663200,3824,3869.25,3752,3804.5,1553023
1657749600,3796.25,3806,3723.75,3793.25,1392750
1657836000,3796,3868.5,3780.5,3865,1011922
1658095200,3878.5,3909.5,3820,3833.75,1149703
1658181600,3839.25,3948,3834.25,3937.5,1223667
1658268000,3946.75,3977.5,3922.5,3962.5,1403855
1658354400,3954,4004.75,3930.25,4001.25,1513023
1658440800,3989.25,4016.25,3941.5,3965,1524669
1658700000,3967.25,3988.75,3946.25,3970,1228338
1658786400,3959.25,3964.5,3913.25,3923.25,1198470
1658872800,3939.75,4042.75,3939.25,4024.5,1156622
1658959200,4021,4111,3994.5,4073.5,1418436
1659045600,4105,4144,4081,4133.5,1291377
1659304800,4136.25,4147.25,4097,4120.5,1485641
1659391200,4120,4142.75,4080.5,4093.75,1340247
1659477600,4097.75,4170,4084.25,4156.25,1221384
1659564000,4151.5,4173.25,4136,4152.25,1079448
1659650400,4152,4166.25,4103.5,4146.75,1225771
1659909600,4149,4188,4129.5,4141.75,1234063
1659996000,4149.5,4155.5,4113,4124.5,1005644
1660082400,4129,4213.75,4113.75,4210,1156072
1660168800,4211,4260.5,4202.75,4209.75,1252298
1660255200,4219,4282.75,4208.25,4281,842496
1660514400,4277,4304.5,4249,4298.25,830801
1660600800,4294.75,4327.5,4278.75,4307.75,1065379
1660687200,4308.75,4315,4255,4276.75,1157054
1660773600,4279.5,4295.5,4258.25,4286.5,927144
1660860000,4287.5,4288.25,4220.75,4231.5,1074101
1661119200,4221.25,4222.5,4131.5,4141.25,993636
1661205600,4146.75,4162,4118,4130.5,1097866
1661292000,4129,4158.5,4110.5,4142.75,886146
1661378400,4149.25,4202.75,4143,4201,954051
1661464800,4196.75,4217,4043,4059.5,1292734
1661724000,4024.5,4064,4006.25,4031.25,1266462
1661810400,4035.75,4072.75,3964.5,3987.5,1399280
1661896800,3987.75,4018.5,3953,3956.5,1342949
1661983200,3958.25,3971.25,3903.25,3968.75,1360135
1662069600,3968,4019.25,3906,3924.5,1498278
1662328800,3929.25,3962.5,3886.5,3910.5,1520018
1662501600,3908.5,3988.75,3883.5,3980,1196763
1662588000,3979.25,4011.5,3942.5,4005.5,1549342
1662674400,4010.25,4077,4005.75,4067.25,685778
1662933600,4076.25,4119.5,4062.25,4110.75,469325
1663020000,4137.75,4178.5,3938.5,3950.25,1391182
1663106400,3957,3981.25,3929,3965.5,1667706
1663192800,3974.25,3977.25,3905,3919.25,1469378
1663279200,3905,3905,3853,3890,1698060
1663538400,3892,3927,3845.75,3917.25,1589529
1663624800,3923,3936.25,3843.25,3872.75,1760205
1663711200,3878.75,3925,3791.75,3806.25,1603255
1663797600,3794.25,3833,3763.25,3772,1715831
1663884000,3776.5,3783.75,3660.25,3709,1679789
1664143200,3704.75,3730.5,3657.5,3670,2106309
1664229600,3667.75,3732.25,3635.25,3661,2078536
1664316000,3666.75,3751.25,3613.5,3732,1834646
1664402400,3730.5,3736.25,3622.25,3654.25,1771818
1664488800,3656.75,3693.5,3595.5,3601.5,1779266
1664748000,3595.5,3711.5,3571,3690.25,1436684
1664834400,3695,3809,3686.25,3803.25,1479065
1664920800,3801.5,3820,3734.25,3794,1274191
1665007200,3795.5,3819.5,3749.75,3756.75,1524068
1665093600,3745.5,3776,3632.25,3653.25,1363836
1665352800,3638.75,3667.75,3598.75,3625.25,1440236
1665439200,3625.25,3653.25,3579,3599.25,1625444
1665525600,3607.75,3635.5,3585.25,3588.5,1471904
1665612000,3595,3697.75,3502,3681.75,1924222
1665698400,3680.25,3734,3591.25,3597.5,1820032
1665957600,3591.25,3702.5,3588.5,3689.25,1353247
1666044000,3702.25,3777.25,3697.25,3732.75,2002737
1666130400,3759.25,3774.25,3677,3707.25,1625084
1666216800,3708.25,3747.75,3665.75,3675.25,1806578
1666303200,3676.5,3774.5,3641.25,3764,1919929
1666562400,3771,3822,3736.75,3809.25,1622370
1666648800,3803.75,3874.25,3790,3870.25,1477922
1666735200,3843.25,3897.5,3824,3841,1681031
1666821600,3845,3870.75,3757.25,3819.5,1759601
1666908000,3796,3924.25,3776.75,3911.25,1335826
1667167200,3911.75,3914.75,3872.5,3883,1310909
1667253600,3883,3927.75,3852.5,3866,1461393
1667340000,3862,3907.25,3760.25,3768.75,1413500
1667426400,3767.25,3782.5,3704.25,3727.75,1556532
1667512800,3725,3805.75,3709.75,3779.5,2054562
1667775600,3755.25,3821.75,3738.25,3815.25,1252534
1667862000,3812.75,3867,3792.75,3835.25,1425892
1667948400,3830.25,3848.75,3750,3755.5,1545006
1668034800,3756.5,3973.5,3750,3961,1695239
1668121200,3972.75,4009.75,3948,4000.25,1470248
1668380400,3984.75,4017.5,3964.25,3966,1145138
1668466800,3975,4051,3960,3999.5,1872579
1668553200,3994.25,4016,3962,3968.5,1136638
1668639600,3977.5,3990.5,3912.5,3955.25,1148349
1668726000,3961,3995,3942.5,3974,1305174
1668985200,3972.25,3982,3939.75,3958,982652
1669071600,3958.5,4013,3945.25,4010.25,885864
1669158000,4010,4039.5,4001.5,4033,919169
1669244400,4038.75,4049.25,4024.75,4032.5,353379
1669590000,4021.25,4023.5,3960.25,3970.25,985460
1669676400,3972,3990.75,3941.5,3962,1171139
1669762800,3962,4093.5,3942.75,4081.25,1339151
1669849200,4093.5,4110,4054.25,4081.75,1256318
1669935600,4077.5,4085.75,4006.75,4075.5,1283141
1670194800,4073,4075.5,3987.5,4003.25,1087179
1670281200,4006.25,4014.75,3921.5,3945,1302364
1670367600,3944,3961.5,3914,3936.75,1313675
1670454000,3935,3977.25,3916,3965.75,1326162
1670540400,3964.5,3990,3925,3936.25,890679
1670799600,3933,3994.75,3924.5,3991.75,340054
1670886000,4020,4183.75,4017.25,4055.25,1545670
1670972400,4055,4097,3997.5,4030.75,1162551
1671058800,4038.5,4043,3908,3927.25,1304805
1671145200,3921,3934.5,3855.25,3879,1276282
1671404400,3873.5,3899,3827.25,3845.5,1217275
1671490800,3843.5,3866.5,3803.5,3849.25,1372355
1671577200,3855.25,3918.75,3855.25,3905.75,1251789
1671663600,3914,3919.75,3788.25,3849.25,1238805
1671750000,3849.75,3872.5,3821.25,3869.75,1064229
1672095600,3878,3900.75,3837.25,3855,854326
1672182000,3857.25,3875,3804.5,3807.5,1014540
1672268400,3810.5,3882.75,3806.25,3871.75,763578
1672354800,3869.75,3870.75,3821.5,3861,937282
1672700400,3885.75,3907.25,3814.25,3846,1314699
1672786800,3844,3896.5,3836.5,3874.5,1386997
1672873200,3871,3885.5,3822.25,3829,1298712
1672959600,3833.25,3928.75,3802,3915.5,1469517
1673218800,3917.25,3973.25,3909.75,3913.75,1253733
1673305200,3913.25,3943.75,3891.5,3940.75,1314683
1673391600,3941.25,3992.25,3934.5,3990,1023441
1673478000,3992,4021.75,3953.75,4003.5,1680724
1673564400,4003,4024.25,3961.5,4018.25,1051309
1673823600,4019.5,4035.25,3996.75,4009.5,1238268
1673996400,4008.75,4033.75,3943.75,3945.75,1444193
1674082800,3945.75,3948.75,3901.75,3915.5,1490087
1674169200,3924.25,3990.25,3911.75,3988.5,1203293
1674428400,3987.25,4056.5,3980.25,4036.5,1210789
1674514800,4035.75,4047.25,4005.25,4032.75,1258632
1674601200,4039,4040,3963.25,4032,1448351
1674687600,4030.5,4077,4027.5,4075.5,1360344
1674774000,4066.25,4109.25,4055,4084.25,1226201
1675033200,4077.75,4085.75,4029.5,4032.5,1461206
1675119600,4038.25,4091.25,4007.5,4090,1194127
1675206000,4085.25,4163.25,4048.5,4132.25,1378527
1675292400,4145,4208.5,4136.75,4191.5,1553276
1675378800,4175.25,4194,4132.5,4147.75,1552686
1675638000,4135.5,4143,4104,4123.5,1114776
1675724400,4123.25,4188,4098.25,4175.75,1433457
1675810800,4166.75,4179.5,4121.25,4130.5,1078550
1675897200,4132.25,4170.5,4078.5,4091.75,1195398
1675983600,4097.75,4104.25,4060.5,4099.75,1150173
1676242800,4105,4150.75,4078.75,4147.25,778496
1676329200,4149,4186.5,4103.75,4145.5,1553479
1676415600,4141.75,4161.75,4113,4158.25,1103282
1676502000,4159,4168.75,4094.75,4099.75,1210689
1676588400,4094.75,4096.5,4055.5,4087.5,1214617
1676847600,4083.25,4089.5,4002.25,4005.75,1134998
1677020400,4007.5,4026.5,3983.5,3999,1227850
1677106800,4009,4034.5,3974.25,4018.75,1161651
1677193200,4016.5,4023.25,3947.25,3975.75,1164020
1677452400,3975.75,4024.5,3973,3988,1087848
1677538800,3992,4004,3965,3975.5,1063486
1677625200,3969.5,3991,3943,3956.5,1264094
1677711600,3960.75,3995.25,3924.5,3984.75,1232501
1677798000,3983.5,4053.75,3974,4049.75,993285
1678057200,4049.5,4082.5,4041.75,4052.5,993029
1678143600,4052.25,4064.5,3982.5,3989.75,1142485
1678230000,3989.75,4003.5,3970.75,3995,1115449
1678316400,3997.75,4019.75,3909.25,3920,1501340
1678402800,3919.5,3942,3846.25,3862.75,1958961
1678658400,3885,3938.5,3808.75,3856.75,1020831
1678744800,3897.5,3972.5,3886.75,3954.25,1303772
1678831200,3953.25,3964,3865,3925,1601034
1678917600,3925.25,4000,3894.75,3994.5,1164307
1679004000,3995.75,4009.25,3931.25,3947,1293523
1679263200,3963.25,3989.25,3897,3983,1344261
1679349600,3986,4043.5,3981.75,4035.75,901843
1679436000,4038.5,4074,3966,3970.5,1109519
1679522400,3972,4039.5,3948.5,3978,1473848
1679608800,3988,4011,3937,4001.25,1342728
1679868000,4008,4034.5,3997.5,4007.25,961869
1679954400,4014.25,4024,3980.75,4001.5,829837
1680040800,4006.25,4061.5,4006,4057.5,825817
1680127200,4058,4087.75,4052.5,4080,862962
1680213600,4081.75,4142.5,4078,4137.75,877764
1680472800,4127.25,4157.75,4122,4153.75,827677
1680559200,4152.75,4171.75,4115.25,4129,992255
1680645600,4133.25,4135.75,4099,4117.25,880310
1680732000,4114.5,4135.25,4096.25,4132,817988
1680818400,4128.75,4147.5,4118,4132,68211
1681077600,4139,4143,4098.75,4136.25,727461
1681164000,4138.5,4151.75,4128.75,4136.5,704860
1681250400,4137.5,4177.75,4113.5,4119,1107157
1681336800,4118,4177,4110.25,4172.75,824166
1681423200,4169.5,4189.25,4138,4163.75,1155628
1681682400,4174,4180.5,4147.75,4176.75,832732
1681768800,4176.75,4198.25,4164.5,4180,877748
1681855200,4176.5,4187.5,4150.75,4178.5,803932
1681941600,4173.25,4173.5,4136.75,4152.5,952818
1682028000,4153.75,4161,4135.25,4156.75,916521
1682287200,4150.25,4165,4133.25,4159.5,816228
1682373600,4156.75,4158.25,4090.5,4093.25,982508
1682460000,4110.75,4118,4066,4076,1142361
1682546400,4085.5,4168,4080.75,4153.75,867059
1682632800,4151.75,4193.75,4131.75,4188.5,1027456
1682892000,4189.5,4206.25,4178.5,4185.75,710363
1682978400,4179.5,4191.75,4105.5,4136.75,1028199
1683064800,4133.5,4167,4094.75,4107.5,1084088
1683151200,4088.25,4118,4062.25,4075.75,1205872
1683237600,4077.5,4163.25,4076.75,4150.25,822864
1683496800,4150.5,4161,4137.5,4152.75,647107
1683583200,4150.5,4153.25,4131,4134,595983
1683669600,4133.5,4173,4112.25,4152,1143687
1683756000,4152.5,4168.5,4121.5,4143.75,946289
1683842400,4145,4164.75,4110.75,4138,807959
1684101600,4132.25,4156.25,4123,4150,730307
1684188000,4148.5,4152,4120,4123,796936
1684274400,4126.25,4179,4122,4171.5,855812
1684360800,4171.25,4215.5,4161,4212,959113
1684447200,4215,4227.25,4191.5,4204.75,1009984
1684706400,4189.25,4221.75,4186.5,4205,809436
1684792800,4207.25,4222.75,4153,4158.75,983009
1684879200,4158.75,4166,4114,4126,1150731
1684965600,4153.75,4175.75,4132,4159.75,1181842
1685052000,4157.25,4221.25,4146,4213.25,916757
1685311200,4230.25,4243,4200,4215,1061118
1685484000,4213,4217.75,4173,4190.5,968077
1685570400,4190,4239.75,4178,4228,906092
1685656800,4231.75,4297.75,4228.75,4288,1062730
1685916000,4288.5,4305.75,4273,4281,943839
1686002400,4279.75,4294.75,4268.5,4289.75,916910
1686088800,4291.5,4304.75,4269.25,4274.25,1003342
1686175200,4273.25,4302.5,4262.5,4298.25,757383
1686261600,4296.5,4325.75,4284,4304.75,923629
1686520800,4305.25,4346.5,4304.5,4342.75,241053
1686607200,4390,4423.25,4381.5,4416.75,1035084
1686693600,4416.75,4439.5,4384,4418.5,960709
1686780000,4422.5,4485.5,4394,4471.25,1005581
1686866400,4468.5,4494,4451,4453.75,977259
1687125600,4458.25,4462,4410.5,4434.75,913269
1687298400,4430.5,4438.5,4403,4409.25,896803
1687384800,4410,4427,4391.5,4423.75,733378
1687471200,4425.5,4426.25,4381.75,4389,790518
1687730400,4389,4403.25,4368.5,4370.25,921154
1687816800,4375.5,4424.75,4371.25,4418.75,797621
1687903200,4414.25,4430.25,4399.25,4417.5,928921
1687989600,4423,4438,4409.75,4435.75,844829
1688076000,4435.25,4498.25,4433,4488.25,727472
1688335200,4485,4494,4479.5,4492.25,279434
1688421600,4491.75,4493.75,4466.25,4483.75,603752
1688594400,4482,4483.25,4419.25,4447,776142
1688680800,4442.25,4476,4431.25,4434,773300
1688940000,4437.75,4448.25,4411,4444.25,715537
1689026400,4445.5,4478.5,4439,4473.5,660458
1689112800,4471.5,4523.5,4469,4507.5,852494
1689199200,4510,4551.5,4509.25,4543.5,659144
1689285600,4539,4560.5,4531,4536.75,740811
1689544800,4535.75,4565.75,4527.75,4553.75,510362
1689631200,4550,4594.75,4544.75,4587.75,629801
1689717600,4582.75,4609.5,4581.5,4597,736591
1689804000,4594,4594.75,4557,4565.5,814754
1689890400,4566.5,4590,4561.75,4564.75,720036
1690149600,4564.25,4592.5,4559.75,4583.5,566464
1690236000,4585.25,4608.75,4579.25,4596,548982
1690322400,4604.5,4611.5,4573.5,4595.25,712849
1690408800,4594.25,4634.5,4553.75,4564.25,989662
1690495200,4567,4616.5,4558.25,4606.5,831730
1690754400,4608.75,4619.25,4595.25,4614.5,688609
1690840800,4617.5,4622,4590.5,4601.25,629398
1690927200,4584.75,4593.5,4527.75,4537.25,968273
1691013600,4534.25,4547.75,4505.75,4521.75,967087
1691100000,4524,4560.75,4493.25,4498,1175683
1691359200,4500,4541.75,4499.75,4537.75,790299
1691445600,4539,4541,4482,4518.5,851780
1691532000,4516.5,4536.25,4478.25,4485.75,950820
1691618400,4493.5,4545,4473.5,4485.75,1548994
1691704800,4487.25,4496,4458.75,4480.75,925821
1691964000,4484.5,4507.75,4464.75,4506,819398
1692050400,4506,4517.75,4447,4454,974915
1692136800,4453.25,4467.25,4417,4420,939469
1692223200,4420.75,4436.75,4377.75,4384.5,1004262
1692309600,4380.25,4396,4350,4382.75,1046797
1692568800,4382.5,4420.75,4372,4412.5,980941
1692655200,4409.5,4440,4393.75,4399.25,963377
1692741600,4400,4476,4399,4447,768740
1692828000,4473,4485.5,4378.5,4386,1075766
1692914400,4384.5,4429,4365.25,4414.25,1279078
1693173600,4417.75,4449.5,4414.5,4442.25,908100
1693260000,4444,4509.5,4433.25,4506.75,850386
1693346400,4508.25,4530.75,4496.5,4524.25,823777
1693432800,4527,4542,4513,4516,777514
1693519200,4517.25,4547.75,4507.25,4521.5,793983
1693778400,4520.5,4531.25,4499,4502.5,714786
1693951200,4500.5,4503.75,4446.75,4471.5,826885
1694037600,4469.75,4471.75,4433.25,4456.25,889064
1694124000,4457.75,4477.5,4443,4461.75,868284
1694383200,4463.5,4493.75,4459,4490.25,354980
1694469600,4537,4539.5,4507,4513.75,731269
1694556000,4512.75,4530.25,4494.75,4517.5,1027201
1694642400,4521.75,4562.25,4519,4555,781370
1694728800,4556.75,4566,4491.75,4498,924903
1694988000,4499.5,4514.5,4487.25,4501.5,711250
1695074400,4502.5,4509.5,4462.25,4490,772277
1695160800,4491.5,4508,4443,4447,752785
1695247200,4445,4447,4366.25,4372,1005561
1695333600,4369.5,4399,4357.5,4361,867474
1695592800,4364,4383.5,4338.5,4378.75,879375
1695679200,4382.5,4383,4305.5,4314.75,866988
1695765600,4320,4336.5,4277.25,4313.5,1122157
1695852000,4322.5,4355.5,4301,4337.5,1153304
1695938400,4342,4371,4310.75,4325.5,1131503
1696197600,4348.75,4356.75,4295.25,4324.25,1218620
1696284000,4325.25,4335.75,4251,4264.75,1279043
1696370400,4263,4304,4235.75,4297.75,1190498
1696456800,4291,4302.25,4257.75,4290.75,1131659
1696543200,4289.25,4358.5,4242.5,4341.5,1165806
1696802400,4320,4375.75,4299.25,4368.75,784239
1696888800,4368,4419,4366.25,4391.5,804751
1696975200,4391.75,4419.75,4377,4409.75,858066
1697061600,4417.5,4430.5,4355.5,4380.5,1067431
1697148000,4381.5,4407.75,4341,4357.25,1274056
1697407200,4356.25,4414.5,4354.25,4401,918536
1697493600,4406,4423.25,4365.75,4401.75,1126816
1697580000,4398.75,4399.75,4331,4342.25,1388365
1697666400,4347.5,4366.5,4292.75,4303,1592336
1697752800,4296.5,4304.25,4243.25,4248.5,1195912
1698012000,4256,4280.5,4213.25,4241.75,1159320
1698098400,4250.5,4290.5,4242.25,4271.25,1096359
1698184800,4269.75,4273.5,4203.75,4209.75,1225507
1698271200,4202.75,4205,4147,4156.5,1468332
1698357600,4165.25,4185.25,4122.25,4137.75,1462121
1698616800,4146.75,4197.25,4143.5,4185.75,1011151
1698703200,4184.5,4215.25,4166.75,4212.25,1030524
1698789600,4204.75,4265,4191.5,4256,1143672
1698876000,4257.5,4340,4257.5,4335.75,875849
1698962400,4328.25,4391.75,4325.75,4376,899091
1699225200,4379.25,4389.5,4364.25,4384.25,675380
1699311600,4380,4403.5,4366,4396,741353
1699398000,4397.25,4407.75,4375,4399.5,792594
1699484400,4393.25,4413,4356.75,4362.25,992315
1699570800,4365,4435.5,4354.25,4430.5,916688
1699830000,4425.75,4437,4407.25,4425.25,717892
1699916400,4427.5,4524,4420.25,4511,842775
1700002800,4515,4542,4510.75,4519.25,823918
1700089200,4514.5,4529.5,4501.75,4523.25,827939
1700175600,4528,4539.5,4512.5,4527.5,711211
1700434800,4526.5,4571,4520,4562.25,662538
1700521200,4561.5,4567,4536,4551.25,612169
1700607600,4548,4580.5,4543,4567.25,716219
1700694000,4565,4574,4562,4568.25,260254
1701039600,4568.25,4570,4552,4561,618867
1701126000,4561.5,4577.25,4547,4563,728574
1701212400,4564,4597,4555.5,4559.25,800790
1701298800,4561.75,4579.5,4544.5,4576.75,908797
1701385200,4571.25,4607.75,4562.5,4600.75,903424
1701644400,4603.5,4604.25,4553.5,4576.5,760264
1701730800,4572.5,4585.5,4555.5,4575,811712
1701817200,4572.75,4598.5,4552,4556,750244
1701903600,4556,4596,4548.75,4589.5,814080
1701990000,4585,4613.75,4563.25,4607.5,848284
1702249200,4607.75,4627.25,4599.25,4626,281871
1702335600,4677,4701.5,4662,4697.25,545192
1702422000,4700.5,4764.25,4691.5,4760.75,631812
1702508400,4759.5,4791.75,4746.25,4774,861904
1702594800,4768,4789,4757.5,4768,686588
1702854000,4770.25,4802.25,4769.5,4793,471674
1702940400,4790.5,4821.5,4787.75,4820.25,471388
1703026800,4818.25,4830.75,4743.25,4749.75,833915
1703113200,4753,4798.25,4751.5,4796.75,809708
1703199600,4795.75,4821.75,4784.75,4805.25,616486
1703545200,4800.75,4834.5,4800,4825,325139
1703631600,4827.25,4836.25,4816.5,4833.5,501112
1703718000,4834.25,4841.5,4827.75,4832.25,408326
1703804400,4833.5,4841,4796.75,4820,560360
1704150000,4817,4828,4765.5,4787.25,677805
1704236400,4790,4791,4740.75,4746.5,774041
1704322800,4750,4766.5,4727,4729.5,692255
1704409200,4732.25,4760.75,4702,4734.75,845132
1704668400,4735.75,4803.5,4715.25,4801.25,646811
1704754800,4798,4803.75,4767.5,4792.75,698236
1704841200,4790.5,4828.5,4786,4820.25,673819
1704927600,4820.25,4838,4772.75,4815.5,944777
1705014000,4812,4836.5,4791.75,4816.5,851630
1705273200,4811.75,4823,4779.5,4798.5,1108159
1705446000,4799.25,4800.75,4746.25,4771.25,833972
1705532400,4769,4817,4763.25,4811.25,968573
1705618800,4811,4874.25,4808.75,4869.5,908152
1705878000,4872.75,4898.5,4872.25,4881,763985
1705964400,4881.5,4902,4874.25,4895,582264
1706050800,4900.25,4933.25,4889.25,4898,856462
1706137200,4900,4926.5,4893.25,4923.25,851785
1706223600,4919,4934.75,4898.25,4916.25,761939
1706482800,4909,4956,4901.5,4954.5,614212
1706569200,4950,4957.25,4933,4951,586863
1706655600,4930.75,4938,4866,4870.5,956708
1706742000,4874,4964,4872.5,4928.5,911777
1706828400,4953.75,4997.75,4925.75,4980.25,894393
1707087600,4975,4980.75,4937.5,4962,745022
1707174000,4960,4978.25,4954.5,4974.75,670636
1707260400,4971.25,5020,4969.75,5015.25,711246
1707346800,5015,5020,5004,5017.75,511351
1707433200,5014.25,5048.5,5013,5044,586634
1707692400,5042.25,5066.5,5031.5,5041.25,520667
1707778800,5034.75,5040,4936.5,4971.25,963360
1707865200,4974,5022.5,4968.25,5018,859710
1707951600,5017,5052,5011,5046.5,720007
1708038000,5049.25,5059.5,5012.75,5019.75,830724
1708297200,5016.25,5029.5,4969,4991.5,901550
1708470000,4989.5,5020.75,4959.25,4996.25,909890
1708556400,5016,5107.75,5015.25,5097.75,923180
1708642800,5093.25,5123,5092,5101.5,792079
1708902000,5095,5108,5076.25,5080.25,652847
1708988400,5078.25,5095.25,5067,5090,593713
1709074800,5090.5,5091.5,5063,5081,693410
1709161200,5071,5114.25,5060,5103.75,878843
1709247600,5101,5149.5,5089.25,5146,743459
1709506800,5141.5,5157.5,5132,5138.25,581526
1709593200,5134.5,5136,5063,5085.75,942829
1709679600,5091,5134.5,5083.75,5111.75,960971
1709766000,5114.75,5170.5,5086.5,5161.75,780905
1709852400,5158.5,5193,5121.75,5129,1351405
1710108000,5131.5,5134,5094.75,5123,412551
1710194400,5191,5246.75,5175.75,5241.25,974320
1710280800,5238.5,5247.5,5217.5,5232.5,768929
1710367200,5237,5253.5,5188,5218,1144264
1710453600,5217,5230.5,5167.75,5182.75,874195
1710712800,5185.75,5240.25,5181.75,5214.75,778745
1710799200,5214.5,5244.75,5186,5241.75,746972
1710885600,5239.75,5297.75,5233,5286.75,744334
1710972000,5295,5324,5293.25,5302.5,668652
1711058400,5305.75,5311.75,5287.75,5293.25,621109
1711317600,5290.25,5295,5272.75,5278.25,515481
1711404000,5280.75,5300.5,5263,5265.25,521780
1711490400,5272.5,5313.75,5270.5,5308.25,718934
1711576800,5308,5321,5301,5308.5,565727
1711922400,5312.75,5333.25,5282.25,5295.25,659117
1712008800,5294,5296,5235,5260.5,778153
1712095200,5262.25,5280.75,5244.25,5266.5,825357
1712181600,5270,5308.5,5192.25,5197.25,1173105
1712268000,5199.25,5272.5,5190.75,5253,1130954
1712527200,5263,5269.25,5236.5,5253.25,796978
1712613600,5257,5274.5,5208.75,5260.25,1012262
1712700000,5264,5287.5,5177,5207.75,1273870
1712786400,5203.5,5257.5,5171.25,5243.25,1094613
1712872800,5243,5249,5150,5167.5,1214069
1713132000,5166.25,5213.5,5094,5104,1305891
1713218400,5102,5122.75,5078.5,5092.5,1225551
1713304800,5095.5,5120.25,5047,5062.25,1314909
1713391200,5064.25,5095.25,5038.5,5049,1153921
1713477600,5048,5057.5,4963.25,5003.75,1302315
1713736800,5014,5076.75,5006,5047.5,1066413
1713823200,5050,5113.75,5037.75,5106.5,906125
1713909600,5112.75,5128.75,5072.25,5107.5,1036793
1713996000,5070.25,5132.75,5022.25,5082.25,1211469
1714082400,5131.5,5146.5,5104.5,5131.5,919003
1714341600,5140,5154.25,5118.75,5147,781790
1714428000,5148,5148.5,5051.25,5067,1026242
1714514400,5050.25,5126.25,5037.75,5046.5,1167751
1714600800,5055.25,5112.75,5036,5091.5,1151389
1714687200,5110.5,5168,5099,5154.75,946743
1714946400,5166.5,5207.75,5155.5,5206.5,604527
1715032800,5204.5,5226.75,5202,5213.75,661116
1715119200,5211.75,5218,5188.75,5212.75,653165
1715205600,5210,5244.75,5195,5239,649051
1715292000,5240.5,5264,5232.75,5246.25,639906
1715551200,5240.75,5264,5233.25,5245.5,515542
1715637600,5242.75,5274.25,5216.5,5269.5,744608
1715724000,5268.75,5337,5266.25,5333,739192
1715810400,5331.5,5349,5315.5,5320.25,735097
1715896800,5317.25,5328.75,5305.5,5327.25,563426
1716156000,5328.75,5348.25,5323.75,5331.75,604389
1716242400,5331.5,5347.5,5322.5,5345.25,571609
1716328800,5344.25,5349.5,5302.5,5328,660984
1716415200,5338,5368.25,5273.75,5285.25,1145145
1716501600,5286.5,5329.25,5285.5,5321.5,722678
1716760800,5321.5,5339,5297,5324.75,901147
1716933600,5323.5,5323.75,5268.25,5284,758119
1717020000,5271,5276.75,5238,5253,857986
1717106400,5250.5,5307,5205.5,5295.5,1133235
1717365600,5299.25,5315,5246.75,5297.25,1077979
1717452000,5300,5312.25,5262,5304,1002949
1717538400,5305.25,5368,5302.5,5366,812528
1717624800,5365.5,5373.25,5345.25,5364,708426
1717711200,5362.5,5385.75,5329,5355.75,1089627
1717970400,5351.75,5375.5,5338.5,5371.25,793751
1718056800,5370,5386.25,5334.25,5384,759708
1718143200,5384,5454.75,5380,5427.5,884274
1718229600,5436.75,5452.5,5408.5,5438.5,812201
1718316000,5436.25,5443,5397.75,5437.5,744598
1718575200,5500,5561.25,5489.75,5546.25,724410
1718661600,5547.25,5562.75,5541.5,5559.75,761665
1718748000,5561.75,5587.75,5525.5,5544.5,1096543
1718920800,5544,5550.75,5519.5,5534.25,719538
1719180000,5538.25,5558.5,5510.25,5517,830166
1719266400,5515.75,5539.75,5511,5537,688858
1719352800,5535,5552,5516.25,5543.5,689929
1719439200,5533.25,5555,5516,5546,779042
1719525600,5548.75,5585,5510.5,5521.5,1015689
1719784800,5534,5541.25,5504.5,5533.75,863487
1719871200,5532.5,5569.75,5502.75,5568.75,814190
1719957600,5563,5595.5,5559.75,5590.25,454575
1720044000,5590.5,5625.75,5585,5621.5,728434
1720389600,5612.25,5637.75,5610.5,5625.25,590480
1720476000,5628,5645.75,5626.25,5631.25,644194
1720562400,5631.75,5690.5,5630.75,5688,676987
1720648800,5684,5707.75,5629.75,5639.75,1078592
1720735200,5639,5708,5618.75,5664.75,1048769
1720994400,5680.75,5718.75,5665.5,5683,1267343
1721080800,5688,5721.25,5673,5717.25,1038273
1721167200,5715,5717.75,5631.75,5639,1179562
1721253600,5643.75,5664,5570.25,5594.5,1504973
1721340000,5601.75,5607.5,5542,5553.75,1086439
1721599200,5564.25,5616,5553.5,5610.75,993656
1721685600,5608.5,5629.75,5588.25,5599.25,897991
1721772000,5590,5590.5,5462,5472,1163538
1721858400,5483,5533.25,5432.5,5441.25,1472451
1721944800,5445,5528.25,5445,5499,1188213
1722204000,5496.25,5534.5,5481.25,5503,1015410
1722290400,5504.75,5527.75,5432,5472.5,1283756
1722376800,5455.25,5588.75,5452,5558,1137958
1722463200,5572.75,5601,5444.75,5480.25,1709896
1722549600,5465.75,5473,5331.75,5376,1494437
1722808800,5339.25,5345.75,5119.5,5217.5,2094085
1722895200,5249.5,5341.5,5221.25,5266.25,1459755
1722981600,5242.5,5359.25,5197,5227.5,1523786
1723068000,5206.5,5361,5181.25,5348.25,1379428
1723154400,5349,5385.25,5319.5,5370.25,1129001
1723413600,5364.5,5396.5,5348,5369.75,1088448
1723500000,5372,5461.25,5367,5459,935298
1723586400,5455.5,5487.75,5438.75,5477,964477
1723672800,5480.5,5571.5,5471.75,5567.5,917240
1723759200,5568.5,5586.25,5536.5,5578.25,809136
1724018400,5583.75,5631.75,5565.25,5630,759951
1724104800,5628,5643.5,5607.5,5619.75,736166
1724191200,5620.25,5655.25,5613.5,5641.5,905285
1724277600,5642,5669,5582.5,5594,1124824
1724364000,5598.5,5661.75,5598.5,5652.5,1232175
1724623200,5650.75,5669,5619.75,5637,938920
1724709600,5630.75,5649.5,5611.5,5644.75,777744
1724796000,5643.5,5650.5,5575,5610.25,1031432
1724882400,5582.75,5663.75,5561,5610,1175204
1724968800,5619.5,5665,5594,5661,979129
1725228000,5656.5,5670.75,5516.75,5541.75,1262912
1725400800,5539,5565,5506,5530,1086908
1725487200,5527.75,5557.25,5490.25,5512.25,1088584
1725573600,5514.5,5532.75,5394,5419.5,1308062
1725832800,5409.25,5493,5405.25,5479.5,1101330
1725919200,5487.5,5506,5448.25,5504,1153702
1726005600,5499,5567.5,5412,5561.25,1319955
1726092000,5557.75,5607.25,5540.25,5602.25,1203149
1726178400,5597,5641.5,5596.5,5629.75,924871
1726437600,5623,5641.25,5608.75,5638,352803
1726524000,5694.5,5737,5677.5,5700.25,866746
1726610400,5701,5756.25,5675.75,5680,956552
1726696800,5690.25,5797.75,5690,5778,1056185
1726783200,5774.75,5776.75,5733.25,5762,928799
1727042400,5761.75,5784.5,5745.25,5776.75,796846
1727128800,5773.75,5793.75,5754.75,5792,753840
1727215200,5793,5800,5768,5779,646276
1727301600,5783.5,5830,5778.25,5804.5,931626
1727388000,5804,5821.5,5781.75,5791.25,723565
1727647200,5784.25,5820,5756.25,5814.25,952146
1727733600,5806.25,5822.75,5733,5759.75,1200525
1727820000,5760,5773.25,5724.5,5760.25,876566
1727906400,5769.5,5772.75,5725.75,5749.5,913406
1727992800,5745,5804.75,5741,5800,949799
1728252000,5802,5808.25,5734,5744.75,916676
1728338400,5752,5806.75,5725.25,5800.5,784970
1728424800,5798.5,5846.5,5780.75,5841.25,753657
1728511200,5836.25,5843.5,5811.75,5829,785156
1728597600,5830.5,5868.25,5816,5859.75,693142
1728856800,5854.75,5918.5,5850,5908.25,563093
1728943200,5913,5916.25,5850,5862.75,910982
1729029600,5861,5892.75,5851.75,5887,758335
1729116000,5883.5,5927,5871.25,5887,893750
1729202400,5889.25,5915.25,5876.25,5906,593604
1729461600,5910.75,5915.5,5865,5896.25,752069
1729548000,5899,5904.25,5861,5892.5,869484
1729634400,5887.75,5894,5801,5837.75,1069126
1729720800,5842.25,5870,5822.5,5849,911368
1729807200,5853.25,5900.75,5835,5846,999325
1730066400,5856,5884.5,5856,5861.5,806300
1730152800,5864.75,5883.75,5837.5,5871,847374
1730239200,5881.75,5893,5840,5852,917953
1730325600,5841.75,5844,5730,5738.5,1168550
1730412000,5740.75,5803.75,5732.25,5758.25,1001462
1730674800,5748,5776.5,5724.25,5743.25,1028937
1730761200,5750.25,5823.25,5735,5812.25,857521
1730847600,5818.25,5967,5815,5958.25,1173247
1730934000,5964,6013,5950.75,6003.75,694426
1731020400,6007.25,6040.5,5990.25,6025.25,708057
1731279600,6029.5,6053.25,6013.5,6031.75,629494
1731366000,6028.75,6036.5,5986.5,6013,791353
1731452400,6012,6035.5,5991.75,6016,882121
1731538800,6018,6025.25,5964.25,5978.25,931955
1731625200,5974.25,5975,5877,5896.5,1085710
1731884400,5900,5933,5886.25,5920,785047
1731970800,5919.25,5947.5,5855,5938.75,876949
1732057200,5937.75,5957.5,5880,5937.75,965082
1732143600,5938,5985,5905.25,5970.5,1216028
1732230000,5967,5993.75,5941,5987,1041602
1732489200,6005.75,6040,5982.5,6006.5,1013259
1732575600,6012.5,6044,5976.25,6038.25,726355
1732662000,6041.75,6047,6000.75,6015,709933
1732748400,6015,6060,6013.25,6051.5,401980
1733094000,6051.75,6068.5,6035.5,6061.75,640958
1733180400,6063,6070.75,6047.5,6063.25,558806
1733266800,6067,6102.25,6063.25,6098.5,650655
1733353200,6095.5,6107.25,6081.5,6088.75,628552
1733439600,6085.25,6113,6075.75,6099,651520
1733698800,6096.5,6105.75,6059.75,6065.75,709472
1733785200,6064,6075.25,6039.5,6046.25,676817
1733871600,6053,6102.5,6045.5,6092.75,629200
1733958000,6088,6088.5,6054.75,6060.75,875852
1734044400,6064,6085.25,6041.25,6055.5,751622
1734303600,6055.25,6090.75,6051.75,6080.5,274741
1734390000,6150.75,6152.75,6114.25,6127.25,646642
1734476400,6126.75,6148.25,5907,5940.25,1301096
1734562800,5946,6005.5,5931.25,5934,1127976
1734649200,5943.75,6050.75,5865.75,6001.75,1282180
1734908400,6002,6043,5965,6036,928405
1734994800,6036.75,6099.5,6030,6098,337164
1735167600,6099,6107.5,6062,6095.25,590184
1735254000,6092.5,6095.25,5982.75,6027,1096015
1735513200,6028.5,6035.5,5918.25,5958.75,937874
1735599600,5954.75,5983.5,5916.5,5935.75,968812
1735772400,5947,5995.25,5874.75,5916.5,1201862
1735858800,5920.25,5996.75,5911.25,5989.5,770872
1736118000,5993,6068.25,5980.75,6020.5,914643
1736204400,6028.25,6045.5,5935,5954.25,1306967
1736290800,5955,5975,5917,5959.25,1146383
1736377200,5954.75,5957.25,5929.25,5944.25,119229
1736463600,5943.75,5959.5,5845,5866.25,1276010
1736722800,5864.5,5883.25,5809,5874.5,1143782
1736809200,5886.5,5918.75,5842.25,5882.25,1283747
1736895600,5891.75,6001.25,5879.5,5989,957096
1736982000,5989,6017.5,5962,5975.5,1094660
1737068400,5971,6051.75,5968,6033.5,915951
1737327600,6032.5,6093.25,5994.5,6084.25,1087731
1737500400,6093,6135.5,6087,6120.5,660837
1737586800,6120.5,6153.75,6101.5,6152,687137
1737673200,6148.25,6163,6122,6133.25,738909
1737932400,6106.5,6106.5,5948,6046.75,1514273
1738018800,6058,6105.5,6023.5,6097,978786
1738105200,6092,6111.25,6042.25,6067.5,989327
1738191600,6073.25,6116.25,6056.25,6099.25,1140868
1738278000,6103.5,6147.75,6057.75,6067.25,1241836
1738537200,6009,6061.25,5935.5,6022.25,1483767
1738623600,6066.75,6069,5987,6063,904369
1738710000,6043.75,6092,6020,6086.5,872676
1738796400,6089,6108.5,6070,6106,762643
1738882800,6091,6123.25,6041.25,6049.5,1160109
1739142000,6016.5,6096,6011.5,6088.75,737591
1739228400,6085.5,6098.5,6057.75,6092.25,765176
1739314800,6090,6098.25,6020.75,6072.75,1112692
1739401200,6079.75,6138,6053.5,6135.25,989510
1739487600,6131,6147,6121.25,6132,689533
1739746800,6138.25,6157.75,6118.25,6146.75,837222
1739919600,6143.75,6166.25,6128.25,6163,736889
1740006000,6154.25,6158.25,6102.75,6136.5,953914
1740092400,6132.75,6142.5,6024.75,6029,1267971
1740351600,6039.25,6067.5,5994.25,6000.75,1298658
1740438000,6007.75,6016,5924,5970,1680816
1740524400,5983,6023.75,5945.5,5970.75,1434800
1740610800,5981.5,6014.5,5872.75,5876.25,1835285
1740697200,5885,5971.25,5847.75,5963.25,1840783
1740956400,5967.5,6000.5,5821.75,5860.75,1899628
1741042800,5875,5884.25,5741.5,5789.5,2155497
1741129200,5831.75,5869.75,5750.75,5851.25,1770517
1741215600,5845.5,5853.75,5720,5746.25,1931181
1741302000,5765.25,5791.25,5673,5776,1834975
1741557600,5753.75,5757.25,5571.25,5620.75,2239732
1741644000,5624.75,5651.5,5534.5,5577,2233774
1741730400,5579.5,5674.5,5550.25,5604.75,1732698
1741816800,5598,5623,5509.25,5527.5,1929182
1741903200,5539.5,5649,5538.75,5640,1495631
1742162400,5627,5707.75,5599,5680.25,750031
1742248800,5732,5738,5651,5669.25,1208389
1742335200,5669.75,5770.5,5657.5,5729.75,1329013
1742421600,5733.25,5765.25,5682.5,5712.75,1350012
1742508000,5715.75,5723.75,5651.25,5718.25,1276085
1742767200,5740,5825.5,5739.75,5815.5,867127
1742853600,5813.25,5837.25,5801.5,5826.5,769541
1742940000,5831,5836.5,5743,5759.5,1076639
1743026400,5738.25,5779.75,5720,5739.25,1219576
1743112800,5742,5748,5602.25,5623,1259860
1743372000,5590,5672.5,5533.75,5653.25,1692601
1743458400,5643.75,5694.75,5600.25,5674.5,1614451
1743544800,5672.25,5776.25,5566.5,5712.25,1910816
1743631200,5554.75,5565,5415.25,5432.75,2026948
1743717600,5421.5,5435,5074,5110.25,2621942
1743976800,5007,5285.75,4832.5,5097.25,3750146
1744063200,5125,5304.5,4940.5,5020.25,2777555
1744149600,5007,5519.75,4873.5,5491,3071037
1744236000,5502.5,5528.75,5146.75,5302,2913323
1744322400,5300,5417.75,5206.75,5391.25,2234999
1744581600,5447.25,5497.75,5391,5440.75,1722154
1744668000,5432,5485,5413,5428.25,1486244
1744754400,5406,5425.5,5250.75,5305.75,1780306
1744840800,5306.75,5373.75,5285.5,5312.75,1574928
1745186400,5284.25,5309.5,5127,5184.75,1379624
1745272800,5183,5339.25,5171.75,5314.75,1631424
1745359200,5375,5500,5375,5401.75,1816923
1745445600,5408,5543.5,5355.5,5511.25,1581687
1745532000,5528,5563.25,5480,5549.75,1471639
1745791200,5543.75,5578.75,5492.75,5553,1227825
1745877600,5544,5597.5,5521,5583.75,1300135
1745964000,5580.25,5628.75,5455.25,5587,1806167
1746050400,5618,5682.25,5601.5,5623.25,1336423
1746136800,5608,5724.5,5600.75,5709,1309053
1746396000,5705.25,5707,5655.25,5671.75,1035331
1746482400,5667,5673.5,5605,5625.75,1313147
1746568800,5609.5,5690.75,5596,5652,1336176
1746655200,5645.75,5741,5636.5,5684.5,1387012
1746741600,5687.75,5715.75,5662.75,5678,1141181
1747000800,5743.5,5876.25,5734,5865,1497489
1747087200,5868,5926.75,5835.75,5904.5,1052789
1747173600,5901.75,5925,5890,5908.5,1102446
1747260000,5904.25,5944.5,5867,5933.25,1105274
1747346400,5935.5,5977.75,5923,5975.5,885381
1747605600,5930.5,5987.5,5892.75,5982.5,1109306
1747692000,5980.25,5993.25,5926.5,5959.75,1108376
1747778400,5954.5,5958,5847.75,5861.25,1730979
1747864800,5857.75,5895,5828,5856.75,1369704
1747951200,5868.25,5872,5756.5,5817,1529717
1748210400,5820.25,5941.75,5813.25,5934.25,1049447
1748383200,5941.25,5952.5,5890,5902.75,994371
1748469600,5924,6008,5883.75,5922.75,1390956
1748556000,5913,5932.75,5853,5916,1403929
1748815200,5898.5,5955.5,5867.5,5947.25,957540
1748901600,5949.25,5991.25,5909,5981.5,902277
1748988000,5980,5999,5974,5981,874125
1749074400,5976.5,6016,5928.75,5946,1065622
1749160800,5934,6025,5930,6006.75,1065622
1749420000,6010,6027.75,5992.25,6010.25,845572
1749506400,6013.5,6049.25,5991,6045,1028287
1749592800,6039.25,6074.75,6006.25,6029,1419135
1749679200,6028,6051,5981.75,6049.5,1183740
1749765600,6043.5,6044.25,5925,5979.25,1435265
1750024800,6002.25,6108.5,5996,6089.75,697447
1750111200,6092.75,6094,6030,6038.5,1046092
1750197600,6035.5,6073.75,6017.5,6034.25,1022878
1750284000,6037,6071,5968,6018,1446843
1750629600,5964.25,6081.5,5949,6077,1227929
1750716000,6077.75,6155.25,6075.25,6146.25,857053
1750802400,6143.75,6160.25,6130.75,6147,733656
1750888800,6144.5,6200,6141.25,6195,704673
1750975200,6199,6239,6183.5,6223.75,946157
1751234400,6223.25,6265.5,6223.25,6253.75,960372
1751320800,6245.5,6261.5,6227.25,6248.75,981330
1751407200,6248.25,6279.25,6235.5,6275,725806
1751493600,6276.75,6333.5,6270.25,6324.25,498408
1751580000,6307.25,6313.5,6290.75,6292.5,98405